filename,width,height,class,xmin,ymin,xmax,ymax
ripe_18.jpg,400,300,Ripe Strawberry,156,104,232,183
ripe_18.jpg,400,300,Ripe Strawberry,65,102,173,213
ripe_18.jpg,400,300,Ripe Strawberry,3,108,84,204
ripe_18.jpg,400,300,Ripe Strawberry,277,159,352,237
ripe_18.jpg,400,300,Ripe Strawberry,255,251,325,300
ripe_30.jpg,400,300,Ripe Strawberry,105,104,189,191
ripe_30.jpg,400,300,Ripe Strawberry,165,97,231,167
ripe_30.jpg,400,300,Green Strawberry,199,112,226,143
ripe_30.jpg,400,300,Green Strawberry,66,141,117,186
ripe_24.jpg,400,300,Ripe Strawberry,112,130,188,204
ripe_24.jpg,400,300,Ripe Strawberry,264,150,345,219
ripe_24.jpg,400,300,Ripe Strawberry,16,118,102,187
ripe_24.jpg,400,300,Ripe Strawberry,219,83,307,161
IMG_5352.JPG,400,300,Bad Strawberry,154,119,222,187
IMG_5346.JPG,400,300,Bad Strawberry,183,107,240,163
IMG_5408.JPG,400,300,Ripe Strawberry,163,183,198,218
IMG_5408.JPG,400,300,Ripe Strawberry,204,172,239,210
IMG_5408.JPG,400,300,Bad Strawberry,175,136,214,170
IMG_5391.JPG,400,300,Bad Strawberry,113,103,156,153
IMG_5391.JPG,400,300,Bad Strawberry,204,107,250,156
green_18.jpg,400,300,Green Strawberry,209,48,350,187
green_24.jpg,400,300,Green Strawberry,74,102,301,293
rotten_64.jpg,400,300,Bad Strawberry,16,98,202,277
rotten_64.jpg,400,300,Bad Strawberry,179,94,398,230
rotten_64.jpg,400,300,Bad Strawberry,127,1,349,127
rotten_70.jpg,400,300,Bad Strawberry,1,27,161,134
rotten_70.jpg,400,300,Bad Strawberry,171,44,383,193
rotten_70.jpg,400,300,Bad Strawberry,191,199,306,300
rotten_70.jpg,400,300,Bad Strawberry,1,160,190,297
rotten_6.jpg,400,300,Bad Strawberry,97,125,215,227
rotten_6.jpg,400,300,Bad Strawberry,172,5,272,133
rotten_6.jpg,400,300,Bad Strawberry,22,91,131,201
rotten_6.jpg,400,300,Bad Strawberry,265,9,382,147
ripe_7.jpg,400,300,Ripe Strawberry,1,72,112,215
ripe_7.jpg,400,300,Ripe Strawberry,46,172,145,278
ripe_7.jpg,400,300,Ripe Strawberry,108,102,259,269
ripe_7.jpg,400,300,Ripe Strawberry,225,24,355,206
ripe_7.jpg,400,300,Ripe Strawberry,55,1,213,133
green_1.jpg,400,300,Green Strawberry,87,87,155,161
green_1.jpg,400,300,Ripe Strawberry,111,125,212,219
green_1.jpg,400,300,Green Strawberry,19,82,77,148
green_1.jpg,400,300,Ripe Strawberry,10,173,84,242
green_1.jpg,400,300,Ripe Strawberry,202,140,323,272
green_1.jpg,400,300,Ripe Strawberry,307,124,387,201
green_1.jpg,400,300,Green Strawberry,320,50,390,118
ripe_6.jpg,400,300,Ripe Strawberry,11,34,184,255
ripe_6.jpg,400,300,Ripe Strawberry,205,77,392,263
rotten_65.jpg,400,300,Bad Strawberry,193,87,262,134
rotten_65.jpg,400,300,Bad Strawberry,165,116,228,175
rotten_59.jpg,400,300,Bad Strawberry,139,94,305,239
rotten_59.jpg,400,300,Bad Strawberry,47,113,218,285
rotten_59.jpg,400,300,Bad Strawberry,232,215,397,299
IMG_5384.JPG,400,300,Bad Strawberry,178,205,213,239
IMG_5384.JPG,400,300,Bad Strawberry,196,115,224,144
IMG_5384.JPG,400,300,Bad Strawberry,332,267,370,300
green_19.jpg,400,300,Green Strawberry,103,60,205,190
green_19.jpg,400,300,Green Strawberry,299,65,386,136
green_19.jpg,400,300,Green Strawberry,1,3,132,90
IMG_5390.JPG,400,300,Bad Strawberry,184,100,231,154
IMG_5390.JPG,400,300,Bad Strawberry,190,206,231,253
IMG_5409.JPG,400,300,Ripe Strawberry,258,126,293,167
IMG_5409.JPG,400,300,Ripe Strawberry,358,280,400,299
IMG_5409.JPG,400,300,Bad Strawberry,164,101,200,142
IMG_5409.JPG,400,300,Bad Strawberry,193,178,235,219
IMG_5347.JPG,400,300,Bad Strawberry,179,141,236,193
IMG_5347.JPG,400,300,Bad Strawberry,188,82,239,136
IMG_5347.JPG,400,300,Ripe Strawberry,178,141,235,192
IMG_5353.JPG,400,300,Bad Strawberry,228,119,275,167
IMG_5353.JPG,400,300,Ripe Strawberry,150,127,209,175
ripe_25.jpg,400,300,Ripe Strawberry,36,156,128,252
ripe_25.jpg,400,300,Ripe Strawberry,272,105,361,203
ripe_19.jpg,400,300,Ripe Strawberry,141,75,266,210
ripe_19.jpg,400,300,Ripe Strawberry,216,182,331,298
ripe_19.jpg,400,300,Ripe Strawberry,10,1,187,152
IMG_5351.JPG,400,300,Bad Strawberry,180,104,245,176
IMG_5379.JPG,400,300,Bad Strawberry,111,89,163,149
IMG_5379.JPG,400,300,Bad Strawberry,161,149,208,195
IMG_5379.JPG,400,300,Bad Strawberry,205,163,251,207
IMG_5379.JPG,400,300,Bad Strawberry,244,147,285,194
IMG_5379.JPG,400,300,Ripe Strawberry,191,192,237,236
IMG_5386.JPG,400,300,Bad Strawberry,184,119,250,193
IMG_5392.JPG,400,300,Bad Strawberry,155,122,190,169
IMG_5392.JPG,400,300,Bad Strawberry,210,187,252,228
IMG_5392.JPG,400,300,Bad Strawberry,252,123,293,175
IMG_5392.JPG,400,300,Bad Strawberry,290,204,345,256
green_33.jpg,400,300,Green Strawberry,118,65,170,111
green_33.jpg,400,300,Green Strawberry,130,123,200,198
green_33.jpg,400,300,Green Strawberry,203,142,258,221
green_33.jpg,400,300,Green Strawberry,260,102,317,182
green_33.jpg,400,300,Green Strawberry,316,151,376,204
rotten_73.jpg,400,300,Bad Strawberry,14,121,229,297
rotten_73.jpg,400,300,Bad Strawberry,235,129,390,284
rotten_73.jpg,400,300,Bad Strawberry,122,45,327,145
rotten_67.jpg,400,300,Bad Strawberry,8,13,221,208
rotten_67.jpg,400,300,Bad Strawberry,139,155,338,285
rotten_67.jpg,400,300,Bad Strawberry,203,40,369,191
rotten_67.jpg,400,300,Bad Strawberry,297,1,400,172
rotten_67.jpg,400,300,Bad Strawberry,1,164,171,297
rotten_98.jpg,400,300,Bad Strawberry,211,165,275,271
ripe_4.jpg,400,300,Ripe Strawberry,233,90,351,223
green_2.jpg,400,300,Green Strawberry,150,13,339,245
green_2.jpg,400,300,Green Strawberry,4,138,158,300
green_3.jpg,400,300,Green Strawberry,1,78,186,283
green_3.jpg,400,300,Green Strawberry,202,65,380,298
rotten_99.jpg,400,300,Bad Strawberry,45,52,220,229
rotten_99.jpg,400,300,Bad Strawberry,202,55,351,218
rotten_72.jpg,400,300,Bad Strawberry,142,119,315,297
rotten_72.jpg,400,300,Bad Strawberry,327,155,397,296
rotten_72.jpg,400,300,Bad Strawberry,2,109,143,269
green_32.jpg,400,300,Green Strawberry,105,161,158,248
green_32.jpg,400,300,Ripe Strawberry,149,200,235,299
green_32.jpg,400,300,Green Strawberry,272,127,348,214
green_32.jpg,400,300,Ripe Strawberry,337,182,378,238
green_26.jpg,400,300,Green Strawberry,16,80,142,243
green_26.jpg,400,300,Ripe Strawberry,215,110,373,291
IMG_5393.JPG,400,300,Bad Strawberry,167,187,195,221
IMG_5393.JPG,400,300,Bad Strawberry,211,228,239,259
IMG_5393.JPG,400,300,Bad Strawberry,238,185,271,218
IMG_5393.JPG,400,300,Bad Strawberry,268,241,303,274
IMG_5344.JPG,400,300,Bad Strawberry,164,187,218,241
IMG_5344.JPG,400,300,Bad Strawberry,82,40,133,90
IMG_5344.JPG,400,300,Bad Strawberry,185,13,230,66
IMG_5344.JPG,400,300,Bad Strawberry,174,91,227,155
IMG_5344.JPG,400,300,Bad Strawberry,247,92,293,145
IMG_5344.JPG,400,300,Bad Strawberry,245,163,302,222
ripe_32.jpg,400,300,Ripe Strawberry,52,49,182,173
ripe_32.jpg,400,300,Ripe Strawberry,278,155,349,233
ripe_32.jpg,400,300,Ripe Strawberry,117,181,199,266
ripe_32.jpg,400,300,Ripe Strawberry,235,234,339,300
ripe_26.jpg,400,300,Ripe Strawberry,109,142,192,231
ripe_26.jpg,400,300,Ripe Strawberry,9,112,82,190
ripe_36.jpg,400,300,Ripe Strawberry,169,100,306,209
ripe_36.jpg,400,300,Ripe Strawberry,249,202,322,276
IMG_5354.JPG,400,300,Ripe Strawberry,117,157,179,214
IMG_5354.JPG,400,300,Bad Strawberry,208,144,261,201
green_22.jpg,400,300,Green Strawberry,104,8,317,257
green_36.jpg,400,300,Ripe Strawberry,62,58,101,90
green_36.jpg,400,300,Ripe Strawberry,151,71,201,126
green_36.jpg,400,300,Green Strawberry,173,48,217,87
green_36.jpg,400,300,Green Strawberry,222,57,242,85
green_36.jpg,400,300,Green Strawberry,29,80,58,119
green_36.jpg,400,300,Ripe Strawberry,264,69,311,105
green_36.jpg,400,300,Ripe Strawberry,311,136,340,167
green_36.jpg,400,300,Ripe Strawberry,344,112,392,168
IMG_5383.JPG,400,300,Ripe Strawberry,174,138,218,188
IMG_5383.JPG,400,300,Bad Strawberry,231,141,263,176
IMG_5383.JPG,400,300,Bad Strawberry,219,231,257,269
rotten_76.jpg,400,300,Bad Strawberry,135,141,241,245
rotten_76.jpg,400,300,Bad Strawberry,37,47,121,117
rotten_76.jpg,400,300,Bad Strawberry,42,126,113,194
rotten_76.jpg,400,300,Bad Strawberry,43,211,102,269
rotten_76.jpg,400,300,Bad Strawberry,112,35,197,122
rotten_76.jpg,400,300,Bad Strawberry,184,38,263,107
rotten_76.jpg,400,300,Bad Strawberry,256,27,342,112
rotten_76.jpg,400,300,Bad Strawberry,264,89,354,190
rotten_76.jpg,400,300,Bad Strawberry,58,182,144,253
rotten_76.jpg,400,300,Bad Strawberry,176,104,271,162
rotten_76.jpg,400,300,Bad Strawberry,96,101,193,182
rotten_76.jpg,400,300,Bad Strawberry,276,197,357,270
rotten_89.jpg,400,300,Bad Strawberry,23,30,107,147
rotten_89.jpg,400,300,Bad Strawberry,35,193,146,279
rotten_89.jpg,400,300,Bad Strawberry,202,18,317,99
rotten_89.jpg,400,300,Bad Strawberry,274,196,382,277
rotten_89.jpg,400,300,Bad Strawberry,164,121,237,192
rotten_89.jpg,400,300,Bad Strawberry,74,18,158,91
rotten_89.jpg,400,300,Bad Strawberry,151,8,228,72
rotten_89.jpg,400,300,Bad Strawberry,27,152,107,212
rotten_89.jpg,400,300,Bad Strawberry,94,115,167,215
rotten_89.jpg,400,300,Bad Strawberry,238,136,302,217
rotten_89.jpg,400,300,Bad Strawberry,303,102,379,162
ripe_37.jpg,400,300,Ripe Strawberry,112,173,282,293
ripe_37.jpg,400,300,Ripe Strawberry,198,30,342,200
ripe_37.jpg,400,300,Green Strawberry,68,95,172,188
green_6.jpg,400,300,Green Strawberry,98,58,369,294
belt6.jpg,400,300,Ripe Strawberry,197,76,319,210
belt6.jpg,400,300,Ripe Strawberry,1,68,99,202
rotten_88.jpg,400,300,Bad Strawberry,79,122,265,276
rotten_88.jpg,400,300,Bad Strawberry,199,29,379,177
rotten_88.jpg,400,300,Bad Strawberry,14,4,173,150
IMG_5235.jpg,400,300,Bad Strawberry,118,132,215,228
IMG_5235.jpg,400,300,Bad Strawberry,187,178,284,262
IMG_5235.jpg,400,300,Bad Strawberry,222,104,308,178
IMG_5235.jpg,400,300,Bad Strawberry,164,44,247,132
rotten_63.jpg,400,300,Bad Strawberry,57,45,189,179
rotten_63.jpg,400,300,Bad Strawberry,22,109,110,235
rotten_63.jpg,400,300,Bad Strawberry,158,119,278,232
rotten_63.jpg,400,300,Bad Strawberry,85,183,176,268
rotten_77.jpg,400,300,Bad Strawberry,149,101,323,274
rotten_77.jpg,400,300,Bad Strawberry,113,1,265,101
rotten_77.jpg,400,300,Bad Strawberry,250,9,367,148
rotten_77.jpg,400,300,Bad Strawberry,1,108,122,240
rotten_77.jpg,400,300,Bad Strawberry,330,175,400,266
rotten_77.jpg,400,300,Bad Strawberry,77,194,217,296
IMG_5396.JPG,400,300,Bad Strawberry,214,151,258,189
IMG_5382.JPG,400,300,Bad Strawberry,219,207,253,239
IMG_5382.JPG,400,300,Bad Strawberry,232,148,266,183
IMG_5382.JPG,400,300,Ripe Strawberry,182,144,224,193
IMG_5355.JPG,400,300,Ripe Strawberry,176,188,238,241
IMG_5355.JPG,400,300,Bad Strawberry,182,126,244,181
IMG_5341.JPG,400,300,Bad Strawberry,73,88,116,136
IMG_5341.JPG,400,300,Bad Strawberry,143,41,194,95
IMG_5341.JPG,400,300,Bad Strawberry,152,91,213,146
IMG_5341.JPG,400,300,Bad Strawberry,216,84,267,127
IMG_5341.JPG,400,300,Bad Strawberry,208,47,260,86
IMG_5341.JPG,400,300,Bad Strawberry,263,38,308,87
ripe_23.jpg,400,300,Ripe Strawberry,190,154,297,288
ripe_23.jpg,400,300,Ripe Strawberry,268,85,369,220
ripe_35.jpg,400,300,Ripe Strawberry,31,77,208,252
ripe_35.jpg,400,300,Ripe Strawberry,192,76,371,259
ripe_35.jpg,400,300,Green Strawberry,281,1,400,102
ripe_35.jpg,400,300,Green Strawberry,2,1,106,94
ripe_21.jpg,400,300,Ripe Strawberry,108,103,265,266
ripe_21.jpg,400,300,Ripe Strawberry,216,30,358,200
ripe_21.jpg,400,300,Ripe Strawberry,1,73,115,215
ripe_21.jpg,400,300,Ripe Strawberry,53,1,215,133
ripe_21.jpg,400,300,Ripe Strawberry,46,177,149,282
IMG_5357.JPG,400,300,Bad Strawberry,192,174,244,230
IMG_5357.JPG,400,300,Ripe Strawberry,212,128,270,177
green_35.jpg,400,300,Green Strawberry,111,80,167,154
green_35.jpg,400,300,Green Strawberry,47,187,109,271
green_35.jpg,400,300,Green Strawberry,121,190,178,265
green_35.jpg,400,300,Green Strawberry,197,191,252,280
green_21.jpg,400,300,Green Strawberry,102,18,320,254
rotten_61.jpg,400,300,Bad Strawberry,243,58,373,183
rotten_61.jpg,400,300,Bad Strawberry,100,91,207,208
rotten_61.jpg,400,300,Bad Strawberry,2,139,121,280
rotten_3.jpg,400,300,Bad Strawberry,102,78,261,262
rotten_3.jpg,400,300,Bad Strawberry,182,17,345,204
IMG_5237.JPG,400,300,Bad Strawberry,208,199,260,259
rotten_49.jpg,400,300,Bad Strawberry,157,44,322,194
rotten_49.jpg,400,300,Bad Strawberry,10,144,169,296
rotten_49.jpg,400,300,Bad Strawberry,31,1,171,146
rotten_49.jpg,400,300,Ripe Strawberry,161,215,249,267
rotten_49.jpg,400,300,Bad Strawberry,258,1,400,80
rotten_49.jpg,400,300,Bad Strawberry,214,249,357,297
ripe_2.jpg,400,300,Ripe Strawberry,80,22,189,131
ripe_2.jpg,400,300,Ripe Strawberry,175,25,302,152
ripe_2.jpg,400,300,Ripe Strawberry,90,154,240,297
green_4.jpg,400,300,Green Strawberry,107,84,321,284
green_5.jpg,400,300,Green Strawberry,88,62,355,266
ripe_3.jpg,400,300,Ripe Strawberry,139,50,295,256
rotten_48.jpg,400,300,Bad Strawberry,207,22,302,121
rotten_48.jpg,400,300,Bad Strawberry,28,51,214,201
rotten_48.jpg,400,300,Bad Strawberry,11,193,186,299
rotten_48.jpg,400,300,Bad Strawberry,235,101,358,214
rotten_2.jpg,400,300,Bad Strawberry,112,131,250,228
rotten_2.jpg,400,300,Bad Strawberry,2,88,111,208
rotten_2.jpg,400,300,Bad Strawberry,237,80,335,198
rotten_74.jpg,400,300,Bad Strawberry,28,70,270,232
rotten_74.jpg,400,300,Bad Strawberry,260,140,398,272
rotten_74.jpg,400,300,Bad Strawberry,34,211,229,298
rotten_74.jpg,400,300,Bad Strawberry,230,11,375,135
rotten_74.jpg,400,300,Bad Strawberry,30,1,227,130
rotten_60.jpg,400,300,Bad Strawberry,64,20,163,136
rotten_60.jpg,400,300,Ripe Strawberry,175,27,254,109
rotten_60.jpg,400,300,Bad Strawberry,264,26,342,120
rotten_60.jpg,400,300,Bad Strawberry,108,109,195,192
rotten_60.jpg,400,300,Bad Strawberry,205,111,292,194
rotten_60.jpg,400,300,Bad Strawberry,53,164,151,266
rotten_60.jpg,400,300,Bad Strawberry,174,194,256,285
rotten_60.jpg,400,300,Bad Strawberry,251,194,332,284
IMG_5381.JPG,400,300,Bad Strawberry,194,157,229,191
IMG_5381.JPG,400,300,Bad Strawberry,216,121,249,154
green_20.jpg,400,300,Green Strawberry,137,82,269,202
green_34.jpg,400,300,Green Strawberry,265,101,306,135
green_34.jpg,400,300,Ripe Strawberry,235,143,287,183
green_34.jpg,400,300,Ripe Strawberry,252,194,290,234
green_34.jpg,400,300,Ripe Strawberry,317,186,368,248
ripe_20.jpg,400,300,Ripe Strawberry,12,53,134,187
ripe_20.jpg,400,300,Ripe Strawberry,152,108,275,242
ripe_20.jpg,400,300,Ripe Strawberry,266,121,391,256
ripe_34.jpg,400,300,Ripe Strawberry,76,75,232,272
ripe_53.jpg,400,300,Ripe Strawberry,86,56,223,246
ripe_53.jpg,400,300,Ripe Strawberry,164,158,314,300
ripe_53.jpg,400,300,Ripe Strawberry,198,1,389,169
ripe_53.jpg,400,300,Ripe Strawberry,46,117,172,285
ripe_53.jpg,400,300,Ripe Strawberry,8,1,162,118
ripe_47.jpg,400,300,Ripe Strawberry,149,62,260,180
ripe_47.jpg,400,300,Green Strawberry,54,115,153,212
ripe_47.jpg,400,300,Green Strawberry,253,232,316,295
ripe_47.jpg,400,300,Ripe Strawberry,215,187,289,254
ripe_47.jpg,400,300,Green Strawberry,42,72,93,121
ripe_90.jpg,400,300,Ripe Strawberry,125,182,189,257
ripe_90.jpg,400,300,Ripe Strawberry,215,88,272,136
ripe_84.jpg,400,300,Ripe Strawberry,61,118,180,229
ripe_84.jpg,400,300,Ripe Strawberry,171,92,267,185
ripe_84.jpg,400,300,Ripe Strawberry,135,183,229,290
ripe_84.jpg,400,300,Ripe Strawberry,213,171,317,279
ripe_84.jpg,400,300,Green Strawberry,44,67,91,129
IMG_5325.JPG,400,300,Ripe Strawberry,210,96,248,131
IMG_5325.JPG,400,300,Bad Strawberry,140,114,179,151
IMG_5325.JPG,400,300,Bad Strawberry,170,160,205,201
IMG_5325.JPG,400,300,Bad Strawberry,240,156,273,188
IMG_5325.JPG,400,300,Bad Strawberry,273,103,312,137
IMG_5319.JPG,400,300,Ripe Strawberry,264,136,311,180
IMG_5319.JPG,400,300,Bad Strawberry,163,135,199,170
IMG_5319.JPG,400,300,Bad Strawberry,235,191,274,236
green_53.jpg,400,300,Ripe Strawberry,41,64,232,222
green_53.jpg,400,300,Green Strawberry,228,170,344,275
green_53.jpg,400,300,Green Strawberry,321,9,400,104
green_47.jpg,400,300,Green Strawberry,134,95,280,231
green_47.jpg,400,300,Green Strawberry,273,16,386,101
IMG_5245.JPG,400,300,Bad Strawberry,148,133,205,188
IMG_5245.JPG,400,300,Bad Strawberry,187,69,231,131
IMG_5245.JPG,400,300,Bad Strawberry,186,73,232,130
IMG_5245.JPG,400,300,Bad Strawberry,245,94,294,144
mixed_6.jpg,400,300,Green Strawberry,20,95,71,143
mixed_6.jpg,400,300,Green Strawberry,95,96,147,162
mixed_6.jpg,400,300,Ripe Strawberry,7,164,78,239
mixed_6.jpg,400,300,Ripe Strawberry,191,144,329,277
mixed_6.jpg,400,300,Green Strawberry,313,53,390,117
mixed_6.jpg,400,300,Ripe Strawberry,312,128,377,193
IMG_5279.JPG,400,300,Bad Strawberry,182,159,212,199
IMG_5279.JPG,400,300,Bad Strawberry,184,110,224,151
IMG_5279.JPG,400,300,Bad Strawberry,230,160,270,201
IMG_5279.JPG,400,300,Bad Strawberry,275,169,309,204
IMG_5279.JPG,400,300,Ripe Strawberry,219,82,253,117
IMG_5279.JPG,400,300,Ripe Strawberry,243,115,279,150
rotten_13.jpg,400,300,Ripe Strawberry,79,194,172,289
rotten_13.jpg,400,300,Bad Strawberry,189,181,297,265
IMG_5286.JPG,400,300,Bad Strawberry,167,68,235,147
IMG_5286.JPG,400,300,Bad Strawberry,216,182,270,234
IMG_5286.JPG,400,300,Bad Strawberry,283,118,341,171
IMG_5292.JPG,400,300,Ripe Strawberry,157,111,207,163
IMG_5292.JPG,400,300,Ripe Strawberry,128,30,187,93
IMG_5292.JPG,400,300,Bad Strawberry,218,17,266,64
IMG_5292.JPG,400,300,Bad Strawberry,293,105,346,161
IMG_5292.JPG,400,300,Bad Strawberry,299,193,346,241
IMG_5293.JPG,400,300,Ripe Strawberry,110,61,169,122
IMG_5293.JPG,400,300,Ripe Strawberry,145,139,195,192
IMG_5293.JPG,400,300,Bad Strawberry,202,44,250,94
IMG_5293.JPG,400,300,Bad Strawberry,284,131,335,183
IMG_5293.JPG,400,300,Bad Strawberry,258,206,316,246
rotten_12.jpg,400,300,Bad Strawberry,195,123,400,291
rotten_12.jpg,400,300,Bad Strawberry,1,86,77,176
rotten_12.jpg,400,300,Bad Strawberry,72,26,208,188
IMG_5278.JPG,400,300,Ripe Strawberry,242,106,278,139
IMG_5278.JPG,400,300,Ripe Strawberry,218,72,252,107
IMG_5278.JPG,400,300,Bad Strawberry,184,100,223,139
IMG_5278.JPG,400,300,Bad Strawberry,184,148,211,185
IMG_5278.JPG,400,300,Bad Strawberry,231,148,267,188
IMG_5278.JPG,400,300,Bad Strawberry,272,159,307,189
IMG_5278.JPG,400,300,Bad Strawberry,245,197,275,232
IMG_5244.JPG,400,300,Bad Strawberry,175,158,230,231
IMG_5244.JPG,400,300,Bad Strawberry,252,139,308,195
IMG_5244.JPG,400,300,Bad Strawberry,186,110,238,152
green_46.jpg,400,300,Green Strawberry,205,228,260,285
green_52.jpg,400,300,Green Strawberry,162,68,205,143
green_52.jpg,400,300,Green Strawberry,68,125,130,171
green_52.jpg,400,300,Green Strawberry,222,120,310,207
IMG_5330.JPG,400,300,Bad Strawberry,110,94,166,150
IMG_5330.JPG,400,300,Bad Strawberry,211,99,282,168
ripe_85.jpg,400,300,Ripe Strawberry,69,148,154,241
ripe_85.jpg,400,300,Ripe Strawberry,220,201,306,283
ripe_85.jpg,400,300,Ripe Strawberry,290,203,360,282
ripe_85.jpg,400,300,Ripe Strawberry,137,209,215,284
ripe_85.jpg,400,300,Ripe Strawberry,3,236,89,300
ripe_85.jpg,400,300,Green Strawberry,207,163,242,206
ripe_52.jpg,400,300,Ripe Strawberry,96,139,288,300
ripe_52.jpg,400,300,Green Strawberry,1,155,88,300
ripe_44.jpg,400,300,Ripe Strawberry,27,106,127,200
ripe_44.jpg,400,300,Ripe Strawberry,85,200,194,300
ripe_44.jpg,400,300,Ripe Strawberry,208,154,316,269
ripe_44.jpg,400,300,Green Strawberry,107,37,173,109
ripe_87.jpg,400,300,Ripe Strawberry,97,11,221,129
ripe_87.jpg,400,300,Ripe Strawberry,258,191,368,287
ripe_87.jpg,400,300,Ripe Strawberry,126,166,227,265
ripe_87.jpg,400,300,Ripe Strawberry,9,68,114,182
ripe_87.jpg,400,300,Ripe Strawberry,284,55,357,130
ripe_93.jpg,400,300,Ripe Strawberry,21,52,179,245
ripe_93.jpg,400,300,Ripe Strawberry,157,87,297,263
IMG_5326.JPG,400,300,Bad Strawberry,193,205,227,241
IMG_5326.JPG,400,300,Bad Strawberry,234,190,267,220
IMG_5326.JPG,400,300,Bad Strawberry,197,101,224,128
IMG_5326.JPG,400,300,Bad Strawberry,233,136,262,162
IMG_5326.JPG,400,300,Ripe Strawberry,188,148,215,177
IMG_5326.JPG,400,300,Ripe Strawberry,367,178,400,214
IMG_5326.JPG,400,300,Ripe Strawberry,378,242,400,274
IMG_5332.JPG,400,300,Bad Strawberry,109,131,153,177
IMG_5332.JPG,400,300,Bad Strawberry,183,152,237,201
green_44.jpg,400,300,Green Strawberry,81,11,126,54
green_44.jpg,400,300,Green Strawberry,150,157,228,220
green_44.jpg,400,300,Green Strawberry,87,200,142,284
green_44.jpg,400,300,Green Strawberry,272,200,339,251
mixed_20.jpg,400,300,Ripe Strawberry,176,92,217,183
mixed_20.jpg,400,300,Green Strawberry,226,108,258,153
mixed_20.jpg,400,300,Green Strawberry,237,81,278,143
IMG_5246.JPG,400,300,Bad Strawberry,157,94,204,148
IMG_5246.JPG,400,300,Bad Strawberry,239,109,303,163
IMG_5246.JPG,400,300,Bad Strawberry,224,160,280,217
rotten_38.jpg,400,300,Bad Strawberry,113,54,275,226
rotten_10.jpg,400,300,Bad Strawberry,48,60,182,206
rotten_10.jpg,400,300,Bad Strawberry,177,108,317,249
rotten_10.jpg,400,300,Bad Strawberry,269,45,352,133
rotten_10.jpg,400,300,Bad Strawberry,298,175,400,271
rotten_10.jpg,400,300,Bad Strawberry,170,90,239,169
mixed_4.jpg,400,300,Ripe Strawberry,220,127,281,205
mixed_4.jpg,400,300,Ripe Strawberry,304,107,362,174
mixed_4.jpg,400,300,Ripe Strawberry,24,224,80,270
IMG_5253.JPG,400,300,Bad Strawberry,146,101,197,160
IMG_5253.JPG,400,300,Bad Strawberry,264,99,316,158
IMG_5253.JPG,400,300,Ripe Strawberry,200,82,259,164
mixed_21.jpg,400,300,Green Strawberry,112,196,136,222
mixed_21.jpg,400,300,Green Strawberry,50,201,68,219
mixed_21.jpg,400,300,Ripe Strawberry,44,181,59,198
mixed_21.jpg,400,300,Ripe Strawberry,95,168,113,203
mixed_21.jpg,400,300,Green Strawberry,70,189,90,222
mixed_21.jpg,400,300,Green Strawberry,132,185,156,214
mixed_21.jpg,400,300,Ripe Strawberry,190,202,206,219
mixed_21.jpg,400,300,Ripe Strawberry,216,209,228,221
green_51.jpg,400,300,Ripe Strawberry,190,128,262,187
green_51.jpg,400,300,Green Strawberry,268,99,301,143
green_51.jpg,400,300,Green Strawberry,139,158,192,208
green_51.jpg,400,300,Green Strawberry,190,204,241,245
green_51.jpg,400,300,Green Strawberry,87,222,127,257
green_51.jpg,400,300,Green Strawberry,166,222,198,258
IMG_5333.JPG,400,300,Bad Strawberry,108,139,151,183
IMG_5333.JPG,400,300,Bad Strawberry,177,141,223,189
IMG_5327.JPG,400,300,Bad Strawberry,149,107,185,148
IMG_5327.JPG,400,300,Bad Strawberry,196,140,241,186
ripe_92.jpg,400,300,Ripe Strawberry,157,82,255,186
ripe_86.jpg,400,300,Ripe Strawberry,181,51,297,194
ripe_51.jpg,400,300,Ripe Strawberry,125,1,384,200
ripe_51.jpg,400,300,Green Strawberry,80,163,305,300
ripe_51.jpg,400,300,Ripe Strawberry,40,1,174,150
ripe_79.jpg,400,300,Ripe Strawberry,38,72,233,218
ripe_79.jpg,400,300,Ripe Strawberry,158,181,362,300
ripe_79.jpg,400,300,Green Strawberry,272,135,364,210
ripe_79.jpg,400,300,Green Strawberry,347,124,400,199
ripe_55.jpg,400,300,Ripe Strawberry,113,10,210,116
ripe_55.jpg,400,300,Ripe Strawberry,94,122,204,242
ripe_55.jpg,400,300,Ripe Strawberry,21,62,144,166
ripe_55.jpg,400,300,Ripe Strawberry,190,200,295,293
ripe_55.jpg,400,300,Ripe Strawberry,204,108,322,228
ripe_55.jpg,400,300,Ripe Strawberry,209,11,298,101
ripe_55.jpg,400,300,Ripe Strawberry,159,82,242,163
ripe_55.jpg,400,300,Ripe Strawberry,283,69,360,161
ripe_82.jpg,400,300,Ripe Strawberry,115,50,280,197
ripe_96.jpg,400,300,Ripe Strawberry,38,103,129,214
ripe_96.jpg,400,300,Ripe Strawberry,104,173,169,258
ripe_96.jpg,400,300,Ripe Strawberry,154,141,237,237
ripe_96.jpg,400,300,Ripe Strawberry,134,212,217,295
ripe_96.jpg,400,300,Ripe Strawberry,358,244,400,297
IMG_5323.JPG,400,300,Ripe Strawberry,184,117,217,155
IMG_5323.JPG,400,300,Bad Strawberry,189,188,234,235
IMG_5323.JPG,400,300,Bad Strawberry,246,170,287,210
IMG_5323.JPG,400,300,Bad Strawberry,246,106,279,139
IMG_5337.JPG,400,300,Bad Strawberry,120,139,168,179
IMG_5337.JPG,400,300,Bad Strawberry,214,104,262,155
IMG_5337.JPG,400,300,Bad Strawberry,252,160,302,215
IMG_5337.JPG,400,300,Bad Strawberry,288,104,339,149
green_41.jpg,400,300,Green Strawberry,43,81,92,115
green_41.jpg,400,300,Green Strawberry,175,49,212,87
green_41.jpg,400,300,Green Strawberry,107,134,165,263
green_41.jpg,400,300,Green Strawberry,158,155,209,246
green_55.jpg,400,300,Ripe Strawberry,179,127,267,210
green_55.jpg,400,300,Green Strawberry,112,123,166,168
rotten_15.jpg,400,300,Bad Strawberry,30,1,367,297
rotten_29.jpg,400,300,Bad Strawberry,73,1,290,194
IMG_5294.JPG,400,300,Bad Strawberry,277,197,324,231
IMG_5294.JPG,400,300,Bad Strawberry,220,36,265,85
IMG_5294.JPG,400,300,Bad Strawberry,294,122,354,172
IMG_5294.JPG,400,300,Green Strawberry,132,55,185,116
IMG_5294.JPG,400,300,Ripe Strawberry,167,154,211,196
IMG_5294.JPG,400,300,Ripe Strawberry,130,54,189,116
IMG_5280.JPG,400,300,Ripe Strawberry,262,86,296,124
IMG_5280.JPG,400,300,Ripe Strawberry,252,136,291,174
IMG_5280.JPG,400,300,Bad Strawberry,170,121,211,158
IMG_5280.JPG,400,300,Bad Strawberry,208,166,249,210
IMG_5280.JPG,400,300,Bad Strawberry,239,203,277,244
IMG_5280.JPG,400,300,Bad Strawberry,209,81,255,129
IMG_5281.JPG,400,300,Bad Strawberry,195,215,240,262
IMG_5281.JPG,400,300,Bad Strawberry,168,169,219,228
IMG_5281.JPG,400,300,Bad Strawberry,135,117,198,172
IMG_5281.JPG,400,300,Bad Strawberry,204,80,269,142
IMG_5281.JPG,400,300,Ripe Strawberry,232,146,284,198
IMG_5281.JPG,400,300,Ripe Strawberry,272,93,316,145
IMG_5295.JPG,400,300,Ripe Strawberry,152,144,203,192
IMG_5295.JPG,400,300,Ripe Strawberry,126,63,183,130
IMG_5295.JPG,400,300,Bad Strawberry,213,47,259,94
IMG_5295.JPG,400,300,Bad Strawberry,290,130,343,181
IMG_5295.JPG,400,300,Bad Strawberry,268,201,320,240
IMG_5256.JPG,400,300,Bad Strawberry,148,131,212,206
IMG_5256.JPG,400,300,Ripe Strawberry,240,124,310,211
rotten_28.jpg,400,300,Bad Strawberry,107,87,295,270
rotten_28.jpg,400,300,Ripe Strawberry,79,45,176,154
mixed_18.jpg,400,300,Green Strawberry,15,70,116,187
mixed_18.jpg,400,300,Ripe Strawberry,158,61,277,206
mixed_18.jpg,400,300,Green Strawberry,269,103,350,189
mixed_18.jpg,400,300,Green Strawberry,123,201,175,262
mixed_18.jpg,400,300,Green Strawberry,84,219,123,267
mixed_18.jpg,400,300,Green Strawberry,168,238,216,289
mixed_18.jpg,400,300,Green Strawberry,191,192,284,288
mixed_18.jpg,400,300,Green Strawberry,283,227,361,296
green_68.jpg,400,300,Ripe Strawberry,213,31,297,121
green_68.jpg,400,300,Ripe Strawberry,219,131,288,194
green_68.jpg,400,300,Green Strawberry,159,34,211,83
green_68.jpg,400,300,Green Strawberry,310,136,363,181
green_68.jpg,400,300,Green Strawberry,39,87,87,128
green_68.jpg,400,300,Green Strawberry,168,153,205,182
green_68.jpg,400,300,Green Strawberry,258,191,303,218
green_54.jpg,400,300,Ripe Strawberry,64,120,176,255
green_54.jpg,400,300,Green Strawberry,222,83,333,192
IMG_5336.JPG,400,300,Bad Strawberry,83,176,134,225
IMG_5336.JPG,400,300,Bad Strawberry,122,109,174,165
IMG_5336.JPG,400,300,Bad Strawberry,223,121,269,169
IMG_5336.JPG,400,300,Bad Strawberry,161,171,211,223
IMG_5322.JPG,400,300,Bad Strawberry,123,124,168,173
IMG_5322.JPG,400,300,Bad Strawberry,176,164,223,221
IMG_5322.JPG,400,300,Bad Strawberry,258,128,295,168
IMG_5322.JPG,400,300,Ripe Strawberry,191,78,235,123
ripe_97.jpg,400,300,Ripe Strawberry,188,148,296,285
ripe_97.jpg,400,300,Ripe Strawberry,264,83,365,219
ripe_97.jpg,400,300,Green Strawberry,117,107,174,174
ripe_83.jpg,400,300,Ripe Strawberry,102,63,192,151
ripe_83.jpg,400,300,Ripe Strawberry,1,53,53,126
ripe_83.jpg,400,300,Ripe Strawberry,261,61,321,134
ripe_83.jpg,400,300,Ripe Strawberry,283,88,334,165
ripe_83.jpg,400,300,Ripe Strawberry,348,191,399,274
ripe_83.jpg,400,300,Ripe Strawberry,209,180,267,244
ripe_83.jpg,400,300,Green Strawberry,142,191,174,227
ripe_83.jpg,400,300,Green Strawberry,378,258,400,290
ripe_68.jpg,400,300,Ripe Strawberry,22,65,145,202
ripe_68.jpg,400,300,Ripe Strawberry,98,54,209,174
ripe_40.jpg,400,300,Green Strawberry,165,80,263,206
ripe_40.jpg,400,300,Green Strawberry,248,121,361,245
ripe_56.jpg,400,300,Ripe Strawberry,47,101,188,285
ripe_56.jpg,400,300,Ripe Strawberry,176,65,299,212
ripe_56.jpg,400,300,Green Strawberry,261,24,362,120
ripe_42.jpg,400,300,Ripe Strawberry,26,84,96,215
ripe_42.jpg,400,300,Ripe Strawberry,125,103,191,236
ripe_42.jpg,400,300,Ripe Strawberry,228,127,290,256
ripe_42.jpg,400,300,Ripe Strawberry,251,218,301,300
ripe_42.jpg,400,300,Ripe Strawberry,161,1,215,87
ripe_42.jpg,400,300,Green Strawberry,1,41,42,141
ripe_95.jpg,400,300,Ripe Strawberry,240,11,352,125
ripe_95.jpg,400,300,Ripe Strawberry,242,136,322,206
ripe_95.jpg,400,300,Ripe Strawberry,91,76,207,167
ripe_95.jpg,400,300,Green Strawberry,337,138,398,202
ripe_95.jpg,400,300,Green Strawberry,34,86,84,129
ripe_95.jpg,400,300,Green Strawberry,181,20,245,87
ripe_81.jpg,400,300,Ripe Strawberry,40,141,231,300
ripe_81.jpg,400,300,Green Strawberry,209,159,364,299
IMG_5308.JPG,400,300,Bad Strawberry,129,152,163,185
IMG_5308.JPG,400,300,Bad Strawberry,168,217,206,256
IMG_5308.JPG,400,300,Ripe Strawberry,186,114,226,154
IMG_5308.JPG,400,300,Ripe Strawberry,214,177,247,209
green_42.jpg,400,300,Green Strawberry,122,124,153,173
green_42.jpg,400,300,Green Strawberry,145,156,183,202
green_42.jpg,400,300,Green Strawberry,226,73,265,118
green_42.jpg,400,300,Green Strawberry,259,137,312,197
green_42.jpg,400,300,Green Strawberry,315,107,365,154
IMG_5268.JPG,400,300,Ripe Strawberry,238,106,284,157
IMG_5268.JPG,400,300,Bad Strawberry,155,98,212,151
IMG_5268.JPG,400,300,Bad Strawberry,208,168,257,206
rotten_16.jpg,400,300,Bad Strawberry,77,1,295,183
mixed_3.jpg,400,300,Ripe Strawberry,77,144,183,226
mixed_3.jpg,400,300,Ripe Strawberry,187,125,290,249
mixed_3.jpg,400,300,Green Strawberry,282,112,367,179
IMG_5240.JPG,400,300,Bad Strawberry,199,111,264,166
IMG_5254.JPG,400,300,Bad Strawberry,141,76,188,137
IMG_5254.JPG,400,300,Bad Strawberry,265,76,316,122
IMG_5254.JPG,400,300,Ripe Strawberry,196,60,256,139
IMG_5282.JPG,400,300,Bad Strawberry,202,130,257,186
IMG_5255.JPG,400,300,Bad Strawberry,129,123,182,180
IMG_5255.JPG,400,300,Bad Strawberry,258,111,298,155
IMG_5255.JPG,400,300,Ripe Strawberry,184,105,241,154
mixed_2.jpg,400,300,Green Strawberry,26,96,123,201
mixed_2.jpg,400,300,Ripe Strawberry,9,172,108,293
mixed_2.jpg,400,300,Ripe Strawberry,135,119,266,297
mixed_2.jpg,400,300,Green Strawberry,283,178,384,293
IMG_5241.JPG,400,300,Bad Strawberry,157,90,206,154
rotten_17.jpg,400,300,Bad Strawberry,4,27,310,300
green_43.jpg,400,300,Green Strawberry,38,184,111,263
green_43.jpg,400,300,Ripe Strawberry,163,168,284,277
green_43.jpg,400,300,Green Strawberry,301,122,383,202
green_57.jpg,400,300,Ripe Strawberry,172,33,244,97
green_57.jpg,400,300,Ripe Strawberry,149,105,219,161
green_57.jpg,400,300,Ripe Strawberry,239,114,292,172
green_57.jpg,400,300,Ripe Strawberry,188,185,274,269
green_57.jpg,400,300,Ripe Strawberry,92,228,151,293
green_57.jpg,400,300,Green Strawberry,45,244,87,299
green_57.jpg,400,300,Green Strawberry,13,217,43,268
IMG_5321.JPG,400,300,Ripe Strawberry,200,114,231,148
IMG_5321.JPG,400,300,Bad Strawberry,154,161,188,196
IMG_5321.JPG,400,300,Bad Strawberry,189,183,225,220
IMG_5321.JPG,400,300,Bad Strawberry,246,153,273,183
IMG_5335.JPG,400,300,Bad Strawberry,118,153,165,203
IMG_5335.JPG,400,300,Bad Strawberry,196,153,250,211
IMG_5335.JPG,400,300,Bad Strawberry,161,82,213,147
IMG_5309.JPG,400,300,Ripe Strawberry,199,96,243,139
IMG_5309.JPG,400,300,Ripe Strawberry,229,168,264,206
IMG_5309.JPG,400,300,Bad Strawberry,181,213,217,256
IMG_5309.JPG,400,300,Ripe Strawberry,374,283,399,300
ripe_80.jpg,400,300,Ripe Strawberry,117,88,214,191
ripe_94.jpg,400,300,Ripe Strawberry,97,91,259,271
ripe_94.jpg,400,300,Ripe Strawberry,1,169,86,300
ripe_94.jpg,400,300,Green Strawberry,76,206,137,299
ripe_43.jpg,400,300,Ripe Strawberry,168,111,250,189
ripe_43.jpg,400,300,Ripe Strawberry,124,204,216,280
ripe_43.jpg,400,300,Ripe Strawberry,246,112,309,174
ripe_43.jpg,400,300,Green Strawberry,238,145,290,198
ripe_43.jpg,400,300,Green Strawberry,119,100,175,152
ripe_43.jpg,400,300,Ripe Strawberry,91,133,168,206
ripe_43.jpg,400,300,Ripe Strawberry,190,176,277,252
ripe_72.jpg,400,300,Ripe Strawberry,80,88,137,146
ripe_66.jpg,400,300,Ripe Strawberry,101,161,179,254
ripe_66.jpg,400,300,Ripe Strawberry,154,180,240,286
ripe_66.jpg,400,300,Ripe Strawberry,9,116,115,220
ripe_66.jpg,400,300,Ripe Strawberry,283,155,369,235
ripe_66.jpg,400,300,Ripe Strawberry,298,73,391,176
ripe_66.jpg,400,300,Ripe Strawberry,219,117,308,216
ripe_66.jpg,400,300,Green Strawberry,254,206,311,272
ripe_99.jpg,400,300,Ripe Strawberry,147,63,278,198
ripe_99.jpg,400,300,Ripe Strawberry,264,81,398,234
IMG_5310.JPG,400,300,Ripe Strawberry,186,107,231,151
IMG_5310.JPG,400,300,Ripe Strawberry,219,179,253,221
IMG_5310.JPG,400,300,Bad Strawberry,181,169,220,205
IMG_5304.JPG,400,300,Ripe Strawberry,138,106,173,146
IMG_5304.JPG,400,300,Bad Strawberry,111,137,150,171
IMG_5304.JPG,400,300,Bad Strawberry,184,144,229,179
IMG_5304.JPG,400,300,Bad Strawberry,207,98,244,139
IMG_5304.JPG,400,300,Ripe Strawberry,266,289,302,300
IMG_5338.JPG,400,300,Bad Strawberry,55,159,107,206
IMG_5338.JPG,400,300,Bad Strawberry,94,90,146,145
IMG_5338.JPG,400,300,Bad Strawberry,200,81,242,131
IMG_5338.JPG,400,300,Bad Strawberry,231,130,281,173
IMG_5338.JPG,400,300,Bad Strawberry,137,153,189,210
green_66.jpg,400,300,Ripe Strawberry,55,122,182,276
green_66.jpg,400,300,Ripe Strawberry,174,75,297,208
green_66.jpg,400,300,Green Strawberry,258,25,371,122
IMG_5264.JPG,400,300,Ripe Strawberry,262,143,307,179
IMG_5264.JPG,400,300,Bad Strawberry,208,150,247,189
IMG_5264.JPG,400,300,Bad Strawberry,236,86,282,132
IMG_5270.JPG,400,300,Bad Strawberry,188,159,225,197
IMG_5270.JPG,400,300,Bad Strawberry,214,81,257,126
IMG_5270.JPG,400,300,Ripe Strawberry,242,139,285,179
IMG_5258.JPG,400,300,Bad Strawberry,162,152,205,189
IMG_5258.JPG,400,300,Bad Strawberry,193,136,237,176
IMG_5258.JPG,400,300,Ripe Strawberry,234,146,279,194
rotten_26.jpg,400,300,Bad Strawberry,80,81,156,161
rotten_26.jpg,400,300,Bad Strawberry,150,87,217,169
rotten_26.jpg,400,300,Bad Strawberry,82,156,155,233
rotten_26.jpg,400,300,Bad Strawberry,153,159,224,224
rotten_32.jpg,400,300,Bad Strawberry,21,1,388,298
ripe_101.jpg,400,300,Ripe Strawberry,146,28,232,152
ripe_100.jpg,400,300,Ripe Strawberry,103,116,280,284
ripe_100.jpg,400,300,Ripe Strawberry,227,26,387,164
rotten_33.jpg,400,300,Bad Strawberry,107,60,233,203
rotten_33.jpg,400,300,Bad Strawberry,237,106,394,267
IMG_5259.JPG,400,300,Bad Strawberry,159,155,202,200
IMG_5259.JPG,400,300,Bad Strawberry,242,142,284,191
IMG_5271.JPG,400,300,Ripe Strawberry,257,101,294,141
IMG_5271.JPG,400,300,Bad Strawberry,199,73,244,120
IMG_5271.JPG,400,300,Bad Strawberry,181,153,217,192
IMG_5271.JPG,400,300,Bad Strawberry,221,148,262,184
IMG_5265.JPG,400,300,Ripe Strawberry,254,118,294,161
IMG_5265.JPG,400,300,Bad Strawberry,219,167,260,209
IMG_5265.JPG,400,300,Bad Strawberry,195,96,243,140
mixed_17.jpg,400,300,Ripe Strawberry,29,159,93,208
mixed_17.jpg,400,300,Ripe Strawberry,158,102,211,161
mixed_17.jpg,400,300,Ripe Strawberry,90,128,141,175
mixed_17.jpg,400,300,Green Strawberry,239,115,302,179
green_67.jpg,400,300,Ripe Strawberry,114,94,223,205
green_67.jpg,400,300,Green Strawberry,21,101,127,205
green_67.jpg,400,300,Green Strawberry,11,224,73,298
green_67.jpg,400,300,Green Strawberry,43,194,139,248
IMG_5339.JPG,400,300,Bad Strawberry,104,203,154,247
IMG_5339.JPG,400,300,Bad Strawberry,138,127,185,167
IMG_5339.JPG,400,300,Bad Strawberry,170,169,218,213
IMG_5339.JPG,400,300,Bad Strawberry,229,95,275,145
IMG_5339.JPG,400,300,Bad Strawberry,267,153,319,207
IMG_5339.JPG,400,300,Bad Strawberry,305,94,355,139
IMG_5305.JPG,400,300,Ripe Strawberry,231,155,272,199
IMG_5305.JPG,400,300,Bad Strawberry,125,132,165,169
IMG_5305.JPG,400,300,Bad Strawberry,196,96,234,129
IMG_5311.JPG,400,300,Ripe Strawberry,142,166,174,200
IMG_5311.JPG,400,300,Ripe Strawberry,199,127,237,165
IMG_5311.JPG,400,300,Ripe Strawberry,232,189,262,222
IMG_5311.JPG,400,300,Bad Strawberry,199,181,233,216
ripe_98.jpg,400,300,Ripe Strawberry,76,119,131,197
ripe_98.jpg,400,300,Ripe Strawberry,174,124,234,196
ripe_98.jpg,400,300,Green Strawberry,113,159,155,208
ripe_98.jpg,400,300,Green Strawberry,137,150,182,199
ripe_98.jpg,400,300,Ripe Strawberry,2,126,54,195
ripe_98.jpg,400,300,Ripe Strawberry,355,75,400,146
ripe_67.jpg,400,300,Ripe Strawberry,84,197,190,299
ripe_67.jpg,400,300,Ripe Strawberry,27,93,129,205
ripe_67.jpg,400,300,Ripe Strawberry,207,150,316,269
ripe_67.jpg,400,300,Green Strawberry,106,35,173,110
ripe_59.jpg,400,300,Ripe Strawberry,151,121,287,270
ripe_59.jpg,400,300,Ripe Strawberry,270,136,400,282
ripe_59.jpg,400,300,Ripe Strawberry,1,56,124,211
ripe_59.jpg,400,300,Green Strawberry,83,101,172,203
belt_3.jpg,400,300,Ripe Strawberry,229,32,343,127
ripe_71.jpg,400,300,Ripe Strawberry,1,51,52,125
ripe_71.jpg,400,300,Ripe Strawberry,109,65,188,152
ripe_71.jpg,400,300,Ripe Strawberry,265,61,323,133
ripe_71.jpg,400,300,Ripe Strawberry,283,90,332,162
ripe_71.jpg,400,300,Ripe Strawberry,210,181,268,244
ripe_71.jpg,400,300,Ripe Strawberry,345,191,400,273
IMG_5313.JPG,400,300,Ripe Strawberry,177,200,227,249
IMG_5313.JPG,400,300,Bad Strawberry,230,150,293,204
IMG_5313.JPG,400,300,Bad Strawberry,181,157,227,200
green_59.jpg,400,300,Green Strawberry,157,106,240,199
green_65.jpg,400,300,Ripe Strawberry,98,172,179,260
green_65.jpg,400,300,Green Strawberry,41,210,117,277
green_65.jpg,400,300,Green Strawberry,226,92,262,135
green_65.jpg,400,300,Ripe Strawberry,147,51,220,115
green_65.jpg,400,300,Green Strawberry,258,149,325,210
IMG_5273.JPG,400,300,Bad Strawberry,143,122,197,170
IMG_5273.JPG,400,300,Bad Strawberry,184,151,234,200
IMG_5273.JPG,400,300,Bad Strawberry,226,63,294,122
IMG_5273.JPG,400,300,Ripe Strawberry,254,136,296,185
mixed_15.jpg,400,300,Green Strawberry,12,92,101,253
mixed_15.jpg,400,300,Ripe Strawberry,95,86,220,264
mixed_15.jpg,400,300,Green Strawberry,302,84,398,243
IMG_5267.JPG,400,300,Ripe Strawberry,239,93,275,155
IMG_5267.JPG,400,300,Bad Strawberry,204,163,261,224
IMG_5267.JPG,400,300,Bad Strawberry,144,94,205,155
rotten_25.jpg,400,300,Bad Strawberry,90,23,334,288
ripe_102.jpg,400,300,Ripe Strawberry,133,50,253,210
ripe_102.jpg,400,300,Ripe Strawberry,259,53,366,184
rotten_24.jpg,400,300,Bad Strawberry,199,158,297,245
rotten_24.jpg,400,300,Bad Strawberry,160,90,229,182
rotten_24.jpg,400,300,Bad Strawberry,99,114,185,173
rotten_24.jpg,400,300,Bad Strawberry,222,1,287,80
rotten_24.jpg,400,300,Bad Strawberry,332,96,400,144
rotten_24.jpg,400,300,Bad Strawberry,261,60,331,133
rotten_30.jpg,400,300,Bad Strawberry,227,129,351,255
rotten_30.jpg,400,300,Bad Strawberry,105,85,222,217
mixed_14.jpg,400,300,Green Strawberry,57,71,126,135
mixed_14.jpg,400,300,Green Strawberry,202,143,292,241
mixed_14.jpg,400,300,Green Strawberry,155,155,256,286
IMG_5266.JPG,400,300,Bad Strawberry,175,71,222,119
IMG_5266.JPG,400,300,Bad Strawberry,200,150,242,194
IMG_5266.JPG,400,300,Ripe Strawberry,235,105,262,141
rotten_18.jpg,400,300,Bad Strawberry,73,34,177,109
rotten_18.jpg,400,300,Bad Strawberry,70,138,161,209
rotten_18.jpg,400,300,Bad Strawberry,252,14,348,98
rotten_18.jpg,400,300,Bad Strawberry,248,124,334,196
rotten_18.jpg,400,300,Bad Strawberry,246,218,332,292
rotten_18.jpg,400,300,Bad Strawberry,1,38,58,114
rotten_18.jpg,400,300,Bad Strawberry,62,230,144,299
IMG_5272.JPG,400,300,Ripe Strawberry,265,154,321,202
IMG_5272.JPG,400,300,Bad Strawberry,156,131,207,180
IMG_5272.JPG,400,300,Bad Strawberry,189,160,240,212
IMG_5272.JPG,400,300,Bad Strawberry,239,82,304,139
green_70.jpg,400,300,Green Strawberry,155,69,260,158
green_70.jpg,400,300,Green Strawberry,161,166,284,259
green_64.jpg,400,300,Ripe Strawberry,133,103,206,187
green_64.jpg,400,300,Green Strawberry,85,126,132,169
green_64.jpg,400,300,Green Strawberry,67,197,132,235
green_64.jpg,400,300,Green Strawberry,264,185,330,243
green_64.jpg,400,300,Ripe Strawberry,197,74,259,137
green_64.jpg,400,300,Green Strawberry,101,37,156,91
IMG_5306.JPG,400,300,Bad Strawberry,159,185,193,218
IMG_5306.JPG,400,300,Bad Strawberry,94,157,127,186
IMG_5306.JPG,400,300,Ripe Strawberry,121,95,166,131
IMG_5306.JPG,400,300,Ripe Strawberry,310,145,344,179
ripe_70.jpg,400,300,Ripe Strawberry,70,185,178,295
ripe_70.jpg,400,300,Ripe Strawberry,181,153,298,264
ripe_64.jpg,400,300,Ripe Strawberry,201,153,400,295
ripe_64.jpg,400,300,Ripe Strawberry,20,1,348,169
ripe_64.jpg,400,300,Ripe Strawberry,2,186,250,300
ripe_58.jpg,400,300,Ripe Strawberry,148,133,387,300
ripe_60.jpg,400,300,Ripe Strawberry,84,197,168,282
ripe_60.jpg,400,300,Ripe Strawberry,98,128,161,193
ripe_60.jpg,400,300,Ripe Strawberry,263,85,361,183
ripe_60.jpg,400,300,Green Strawberry,206,234,248,281
ripe_60.jpg,400,300,Ripe Strawberry,66,11,117,65
ripe_74.jpg,400,300,Ripe Strawberry,70,185,238,300
ripe_74.jpg,400,300,Ripe Strawberry,201,10,395,224
ripe_74.jpg,400,300,Green Strawberry,184,173,309,291
ripe_48.jpg,400,300,Ripe Strawberry,145,169,284,288
IMG_5302.JPG,400,300,Bad Strawberry,137,180,178,220
IMG_5302.JPG,400,300,Bad Strawberry,196,178,238,223
IMG_5302.JPG,400,300,Bad Strawberry,130,115,169,147
IMG_5316.JPG,400,300,Bad Strawberry,161,66,194,110
IMG_5316.JPG,400,300,Bad Strawberry,138,171,189,215
IMG_5316.JPG,400,300,Ripe Strawberry,222,158,271,207
green_60.jpg,400,300,Green Strawberry,22,103,104,172
green_60.jpg,400,300,Ripe Strawberry,247,35,387,170
green_60.jpg,400,300,Ripe Strawberry,169,101,262,198
green_60.jpg,400,300,Ripe Strawberry,234,191,321,255
green_60.jpg,400,300,Ripe Strawberry,203,236,296,300
mixed_9.jpg,400,300,Green Strawberry,37,209,95,264
mixed_9.jpg,400,300,Green Strawberry,115,198,172,275
mixed_9.jpg,400,300,Green Strawberry,193,208,257,275
mixed_9.jpg,400,300,Ripe Strawberry,275,211,341,268
rotten_34.jpg,400,300,Bad Strawberry,65,40,212,191
rotten_34.jpg,400,300,Bad Strawberry,200,21,339,134
rotten_34.jpg,400,300,Bad Strawberry,31,142,162,250
rotten_34.jpg,400,300,Bad Strawberry,347,44,400,153
rotten_20.jpg,400,300,Bad Strawberry,79,30,148,103
rotten_20.jpg,400,300,Bad Strawberry,137,222,197,264
rotten_20.jpg,400,300,Bad Strawberry,84,159,152,222
rotten_20.jpg,400,300,Bad Strawberry,195,68,256,122
rotten_20.jpg,400,300,Bad Strawberry,295,2,361,75
rotten_20.jpg,400,300,Bad Strawberry,292,143,369,212
rotten_20.jpg,400,300,Bad Strawberry,159,78,215,144
rotten_20.jpg,400,300,Bad Strawberry,1,34,58,95
rotten_20.jpg,400,300,Bad Strawberry,140,20,189,88
rotten_20.jpg,400,300,Bad Strawberry,154,166,182,202
rotten_20.jpg,400,300,Bad Strawberry,192,137,245,192
IMG_5276.JPG,400,300,Ripe Strawberry,238,68,274,103
IMG_5276.JPG,400,300,Bad Strawberry,141,91,173,127
IMG_5276.JPG,400,300,Bad Strawberry,161,123,198,155
IMG_5276.JPG,400,300,Bad Strawberry,177,59,220,98
IMG_5276.JPG,400,300,Bad Strawberry,224,113,260,151
IMG_5276.JPG,400,300,Bad Strawberry,266,122,298,155
IMG_5276.JPG,400,300,Bad Strawberry,237,161,268,190
IMG_5262.JPG,400,300,Ripe Strawberry,230,97,276,141
IMG_5262.JPG,400,300,Bad Strawberry,154,108,203,152
IMG_5262.JPG,400,300,Bad Strawberry,197,147,248,193
IMG_5289.JPG,400,300,Bad Strawberry,176,137,214,185
IMG_5289.JPG,400,300,Bad Strawberry,251,134,285,175
IMG_5289.JPG,400,300,Bad Strawberry,224,76,261,116
IMG_5289.JPG,400,300,Ripe Strawberry,211,155,252,206
IMG_5288.JPG,400,300,Bad Strawberry,184,124,226,172
IMG_5288.JPG,400,300,Bad Strawberry,257,117,291,159
IMG_5288.JPG,400,300,Bad Strawberry,231,63,265,104
IMG_5263.JPG,400,300,Bad Strawberry,166,108,209,157
IMG_5263.JPG,400,300,Bad Strawberry,204,157,246,203
IMG_5263.JPG,400,300,Ripe Strawberry,230,105,269,149
mixed_11.jpg,400,300,Ripe Strawberry,122,61,244,164
mixed_11.jpg,400,300,Green Strawberry,57,152,135,244
IMG_5277.JPG,400,300,Bad Strawberry,170,147,208,178
IMG_5277.JPG,400,300,Bad Strawberry,184,81,221,120
IMG_5277.JPG,400,300,Bad Strawberry,230,132,267,172
IMG_5277.JPG,400,300,Bad Strawberry,243,180,275,211
IMG_5277.JPG,400,300,Bad Strawberry,270,141,308,174
IMG_5277.JPG,400,300,Ripe Strawberry,244,86,279,122
IMG_5277.JPG,400,300,Ripe Strawberry,218,50,254,87
rotten_21.jpg,400,300,Bad Strawberry,5,1,387,299
mixed_8.jpg,400,300,Green Strawberry,16,31,72,96
mixed_8.jpg,400,300,Ripe Strawberry,72,47,187,186
mixed_8.jpg,400,300,Ripe Strawberry,182,130,336,279
green_49.jpg,400,300,Ripe Strawberry,254,87,335,172
green_49.jpg,400,300,Ripe Strawberry,4,42,74,130
green_49.jpg,400,300,Green Strawberry,151,175,215,230
green_49.jpg,400,300,Green Strawberry,245,178,311,234
green_49.jpg,400,300,Green Strawberry,254,254,307,296
green_61.jpg,400,300,Green Strawberry,113,82,291,252
IMG_5303.JPG,400,300,Bad Strawberry,95,98,132,137
IMG_5303.JPG,400,300,Bad Strawberry,143,151,196,198
IMG_5303.JPG,400,300,Bad Strawberry,204,115,256,166
IMG_5303.JPG,400,300,Ripe Strawberry,141,80,179,125
ripe_49.jpg,400,300,Ripe Strawberry,44,109,287,300
ripe_49.jpg,400,300,Ripe Strawberry,92,1,276,136
ripe_49.jpg,400,300,Ripe Strawberry,237,139,398,300
ripe_75.jpg,400,300,Ripe Strawberry,105,63,190,159
ripe_75.jpg,400,300,Ripe Strawberry,1,53,50,125
ripe_75.jpg,400,300,Ripe Strawberry,262,62,322,135
ripe_75.jpg,400,300,Ripe Strawberry,284,93,332,160
ripe_75.jpg,400,300,Ripe Strawberry,346,190,400,271
ripe_75.jpg,400,300,Ripe Strawberry,209,183,269,247
ripe_77.jpg,400,300,Ripe Strawberry,172,81,296,186
ripe_77.jpg,400,300,Ripe Strawberry,177,215,277,296
ripe_63.jpg,400,300,Ripe Strawberry,143,76,266,212
ripe_63.jpg,400,300,Ripe Strawberry,217,184,331,297
ripe_63.jpg,400,300,Ripe Strawberry,6,1,181,151
belt_5.jpg,400,300,Ripe Strawberry,8,141,104,238
ripe_88.jpg,400,300,Ripe Strawberry,287,43,384,178
ripe_88.jpg,400,300,Ripe Strawberry,36,147,133,265
ripe_88.jpg,400,300,Green Strawberry,174,3,240,102
IMG_5329.JPG,400,300,Bad Strawberry,136,136,172,175
IMG_5329.JPG,400,300,Bad Strawberry,197,138,241,185
IMG_5315.JPG,400,300,Ripe Strawberry,236,206,283,252
IMG_5315.JPG,400,300,Bad Strawberry,147,166,194,212
IMG_5315.JPG,400,300,Bad Strawberry,171,59,204,104
IMG_5301.JPG,400,300,Bad Strawberry,151,161,193,200
IMG_5301.JPG,400,300,Bad Strawberry,198,130,239,169
IMG_5301.JPG,400,300,Bad Strawberry,102,124,137,159
IMG_5301.JPG,400,300,Ripe Strawberry,342,287,386,300
green_63.jpg,400,300,Green Strawberry,14,117,77,178
green_63.jpg,400,300,Green Strawberry,84,125,166,183
green_63.jpg,400,300,Green Strawberry,60,182,140,293
green_63.jpg,400,300,Green Strawberry,295,164,400,253
green_63.jpg,400,300,Green Strawberry,176,206,317,297
rotten_37.jpg,400,300,Bad Strawberry,262,137,368,275
rotten_37.jpg,400,300,Bad Strawberry,91,70,181,190
rotten_37.jpg,400,300,Bad Strawberry,170,87,263,207
rotten_37.jpg,400,300,Bad Strawberry,14,122,145,272
rotten_37.jpg,400,300,Bad Strawberry,24,77,109,150
mixed_13.jpg,400,300,Green Strawberry,28,154,122,273
mixed_13.jpg,400,300,Ripe Strawberry,107,116,210,214
mixed_13.jpg,400,300,Green Strawberry,208,116,271,185
IMG_5275.JPG,400,300,Bad Strawberry,152,78,195,118
IMG_5275.JPG,400,300,Bad Strawberry,201,135,239,175
IMG_5275.JPG,400,300,Bad Strawberry,216,186,246,217
IMG_5275.JPG,400,300,Ripe Strawberry,217,86,255,122
IMG_5260.JPG,400,300,Bad Strawberry,157,126,213,185
IMG_5260.JPG,400,300,Bad Strawberry,197,176,253,224
IMG_5260.JPG,400,300,Ripe Strawberry,244,122,297,172
IMG_5248.JPG,400,300,Bad Strawberry,229,158,278,204
IMG_5248.JPG,400,300,Bad Strawberry,279,133,323,179
IMG_5248.JPG,400,300,Bad Strawberry,211,113,264,156
rotten_36.jpg,400,300,Bad Strawberry,241,45,353,165
rotten_22.jpg,400,300,Bad Strawberry,91,20,206,112
rotten_22.jpg,400,300,Bad Strawberry,22,131,140,262
rotten_22.jpg,400,300,Bad Strawberry,184,53,292,151
rotten_22.jpg,400,300,Bad Strawberry,96,104,197,186
rotten_22.jpg,400,300,Bad Strawberry,4,34,90,124
rotten_22.jpg,400,300,Bad Strawberry,1,1,88,67
rotten_22.jpg,400,300,Bad Strawberry,254,30,362,151
green_62.jpg,400,300,Green Strawberry,127,19,228,87
green_62.jpg,400,300,Green Strawberry,47,89,131,184
green_62.jpg,400,300,Green Strawberry,278,209,378,284
IMG_5300.JPG,400,300,Ripe Strawberry,109,152,137,183
IMG_5300.JPG,400,300,Ripe Strawberry,200,50,227,75
IMG_5300.JPG,400,300,Ripe Strawberry,274,113,301,147
IMG_5300.JPG,400,300,Bad Strawberry,122,80,147,104
IMG_5300.JPG,400,300,Bad Strawberry,231,1,257,23
IMG_5300.JPG,400,300,Bad Strawberry,373,4,399,32
IMG_5300.JPG,400,300,Bad Strawberry,339,1,361,13
IMG_5300.JPG,400,300,Bad Strawberry,263,150,296,180
IMG_5300.JPG,400,300,Bad Strawberry,309,142,335,168
IMG_5300.JPG,400,300,Bad Strawberry,189,180,217,203
IMG_5300.JPG,400,300,Ripe Strawberry,194,137,224,167
IMG_5314.JPG,400,300,Bad Strawberry,138,69,170,116
IMG_5314.JPG,400,300,Bad Strawberry,267,174,320,228
IMG_5314.JPG,400,300,Ripe Strawberry,210,221,262,269
IMG_5328.JPG,400,300,Bad Strawberry,147,60,200,114
IMG_5328.JPG,400,300,Bad Strawberry,210,89,273,156
ripe_89.jpg,400,300,Ripe Strawberry,84,58,231,198
ripe_89.jpg,400,300,Green Strawberry,328,167,398,240
ripe_89.jpg,400,300,Green Strawberry,44,206,106,266
ripe_62.jpg,400,300,Ripe Strawberry,95,174,169,254
ripe_62.jpg,400,300,Green Strawberry,53,217,113,283
ripe_62.jpg,400,300,Green Strawberry,258,145,328,225
ripe_62.jpg,400,300,Ripe Strawberry,148,44,218,118
ripe_62.jpg,400,300,Green Strawberry,226,89,266,135
ripe_62.jpg,400,300,Green Strawberry,279,105,304,133
ripe_62.jpg,400,300,Green Strawberry,215,43,244,90
ripe_62.jpg,400,300,Green Strawberry,8,76,34,103
ripe_76.jpg,400,300,Ripe Strawberry,113,49,279,200
ripe_39.jpg,400,300,Ripe Strawberry,73,124,205,277
ripe_39.jpg,400,300,Ripe Strawberry,200,121,325,242
ripe_39.jpg,400,300,Ripe Strawberry,140,54,250,157
ripe_11.jpg,400,300,Ripe Strawberry,114,35,228,161
ripe_11.jpg,400,300,Ripe Strawberry,156,154,279,286
IMG_5373.JPG,400,300,Bad Strawberry,108,148,166,200
IMG_5373.JPG,400,300,Bad Strawberry,228,147,276,210
IMG_5373.JPG,400,300,Ripe Strawberry,237,66,293,119
IMG_5367.JPG,400,300,Bad Strawberry,199,105,245,153
IMG_5401.JPG,400,300,Bad Strawberry,198,128,238,165
green_11.jpg,400,300,Green Strawberry,145,58,188,124
green_11.jpg,400,300,Green Strawberry,182,76,226,127
green_11.jpg,400,300,Green Strawberry,154,120,223,168
green_11.jpg,400,300,Green Strawberry,187,150,264,237
green_11.jpg,400,300,Green Strawberry,266,154,306,200
green_11.jpg,400,300,Green Strawberry,220,62,266,117
green_11.jpg,400,300,Ripe Strawberry,251,43,338,142
IMG_5398.JPG,400,300,Ripe Strawberry,190,83,243,137
IMG_5398.JPG,400,300,Bad Strawberry,243,157,290,204
rotten_45.jpg,400,300,Bad Strawberry,104,59,305,224
rotten_51.jpg,400,300,Bad Strawberry,86,65,160,116
rotten_51.jpg,400,300,Bad Strawberry,87,112,162,179
rotten_51.jpg,400,300,Bad Strawberry,185,76,263,151
rotten_51.jpg,400,300,Bad Strawberry,257,46,321,138
rotten_51.jpg,400,300,Bad Strawberry,145,102,210,154
rotten_51.jpg,400,300,Ripe Strawberry,234,159,312,224
rotten_86.jpg,400,300,Bad Strawberry,32,35,263,298
rotten_86.jpg,400,300,Bad Strawberry,262,136,396,295
rotten_92.jpg,400,300,Bad Strawberry,36,20,377,281
green_8.jpg,400,300,Green Strawberry,100,62,377,288
rotten_93.jpg,400,300,Bad Strawberry,200,91,320,200
rotten_93.jpg,400,300,Bad Strawberry,64,169,145,275
rotten_93.jpg,400,300,Bad Strawberry,162,219,226,295
rotten_93.jpg,400,300,Bad Strawberry,210,189,287,271
rotten_93.jpg,400,300,Bad Strawberry,136,149,220,229
rotten_93.jpg,400,300,Bad Strawberry,104,16,209,108
rotten_93.jpg,400,300,Bad Strawberry,236,29,304,108
rotten_93.jpg,400,300,Bad Strawberry,82,87,162,191
rotten_93.jpg,400,300,Bad Strawberry,289,173,356,233
rotten_87.jpg,400,300,Bad Strawberry,157,122,319,276
rotten_87.jpg,400,300,Bad Strawberry,271,33,396,175
rotten_87.jpg,400,300,Bad Strawberry,35,132,178,286
rotten_44.jpg,400,300,Bad Strawberry,134,124,244,258
rotten_44.jpg,400,300,Bad Strawberry,86,35,203,142
rotten_44.jpg,400,300,Bad Strawberry,276,1,387,106
rotten_44.jpg,400,300,Bad Strawberry,41,111,139,214
rotten_44.jpg,400,300,Bad Strawberry,163,5,275,95
rotten_78.jpg,400,300,Bad Strawberry,1,30,347,297
IMG_5366.JPG,400,300,Bad Strawberry,179,147,241,215
IMG_5400.JPG,400,300,Bad Strawberry,177,169,216,207
IMG_5400.JPG,400,300,Bad Strawberry,238,133,274,170
IMG_5414.JPG,400,300,Ripe Strawberry,167,156,204,193
IMG_5414.JPG,400,300,Ripe Strawberry,195,35,229,73
IMG_5414.JPG,400,300,Bad Strawberry,128,104,166,137
IMG_5414.JPG,400,300,Bad Strawberry,187,77,219,110
IMG_5414.JPG,400,300,Bad Strawberry,247,110,284,145
IMG_5414.JPG,400,300,Bad Strawberry,269,162,304,200
ripe_10.jpg,400,300,Ripe Strawberry,174,91,326,263
ripe_10.jpg,400,300,Ripe Strawberry,13,198,122,300
ripe_38.jpg,400,300,Ripe Strawberry,29,10,243,252
ripe_38.jpg,400,300,Ripe Strawberry,163,95,349,300
ripe_12.jpg,400,300,Ripe Strawberry,110,41,323,224
IMG_5364.JPG,400,300,Bad Strawberry,184,139,255,204
green_12.jpg,400,300,Green Strawberry,46,180,122,253
green_12.jpg,400,300,Green Strawberry,125,117,192,181
green_12.jpg,400,300,Green Strawberry,192,106,306,221
green_12.jpg,400,300,Green Strawberry,227,241,319,298
green_12.jpg,400,300,Green Strawberry,355,149,400,216
green_12.jpg,400,300,Green Strawberry,208,1,278,47
rotten_52.jpg,400,300,Bad Strawberry,11,97,181,255
rotten_52.jpg,400,300,Bad Strawberry,198,81,372,267
rotten_46.jpg,400,300,Bad Strawberry,130,113,250,218
rotten_46.jpg,400,300,Bad Strawberry,210,57,314,148
rotten_46.jpg,400,300,Bad Strawberry,47,130,155,224
rotten_46.jpg,400,300,Ripe Strawberry,4,38,106,132
rotten_46.jpg,400,300,Bad Strawberry,85,29,184,122
rotten_91.jpg,400,300,Bad Strawberry,1,58,202,260
rotten_91.jpg,400,300,Bad Strawberry,297,2,397,124
rotten_85.jpg,400,300,Bad Strawberry,125,175,245,292
rotten_85.jpg,400,300,Bad Strawberry,204,27,320,184
rotten_85.jpg,400,300,Bad Strawberry,70,26,196,154
rotten_85.jpg,400,300,Bad Strawberry,1,96,118,266
rotten_85.jpg,400,300,Bad Strawberry,285,127,400,240
rotten_104.jpg,400,300,Bad Strawberry,22,32,308,298
rotten_104.jpg,400,300,Bad Strawberry,227,28,379,184
rotten_105.jpg,400,300,Bad Strawberry,116,41,352,259
rotten_90.jpg,400,300,Bad Strawberry,1,102,224,294
rotten_90.jpg,400,300,Bad Strawberry,4,11,254,185
rotten_90.jpg,400,300,Bad Strawberry,226,112,397,298
IMG_5239.JPG,400,300,Bad Strawberry,228,103,281,171
rotten_53.jpg,400,300,Bad Strawberry,177,125,303,239
rotten_53.jpg,400,300,Bad Strawberry,213,18,335,127
rotten_53.jpg,400,300,Bad Strawberry,44,80,194,239
rotten_53.jpg,400,300,Bad Strawberry,20,11,111,116
rotten_53.jpg,400,300,Bad Strawberry,307,210,378,279
green_13.jpg,400,300,Green Strawberry,66,52,155,129
green_13.jpg,400,300,Green Strawberry,151,53,233,139
green_13.jpg,400,300,Green Strawberry,230,81,274,128
IMG_5359.JPG,400,300,Bad Strawberry,143,135,185,178
IMG_5359.JPG,400,300,Ripe Strawberry,195,106,241,149
IMG_5371.JPG,400,300,Ripe Strawberry,192,91,241,140
IMG_5371.JPG,400,300,Bad Strawberry,267,104,322,163
IMG_5371.JPG,400,300,Bad Strawberry,186,179,247,234
IMG_5365.JPG,400,300,Bad Strawberry,178,114,231,166
IMG_5349.JPG,400,300,Bad Strawberry,147,97,217,175
IMG_5349.JPG,400,300,Bad Strawberry,260,109,316,166
IMG_5361.JPG,400,300,Bad Strawberry,186,132,238,194
IMG_5407.JPG,400,300,Ripe Strawberry,210,144,249,186
IMG_5407.JPG,400,300,Ripe Strawberry,164,157,203,196
IMG_5375.JPG,400,300,Bad Strawberry,128,114,176,163
IMG_5375.JPG,400,300,Bad Strawberry,199,160,243,209
IMG_5375.JPG,400,300,Bad Strawberry,155,60,207,114
IMG_5375.JPG,400,300,Bad Strawberry,271,75,323,125
IMG_5375.JPG,400,300,Ripe Strawberry,258,151,320,207
green_17.jpg,400,300,Green Strawberry,91,20,320,256
rotten_57.jpg,400,300,Bad Strawberry,72,54,257,209
rotten_94.jpg,400,300,Ripe Strawberry,83,28,235,183
rotten_94.jpg,400,300,Green Strawberry,175,139,222,199
rotten_94.jpg,400,300,Bad Strawberry,221,125,326,251
rotten_94.jpg,400,300,Ripe Strawberry,173,207,273,298
rotten_80.jpg,400,300,Bad Strawberry,95,92,253,239
rotten_80.jpg,400,300,Bad Strawberry,203,195,353,299
rotten_80.jpg,400,300,Bad Strawberry,242,48,359,149
rotten_80.jpg,400,300,Bad Strawberry,96,1,248,98
rotten_101.jpg,400,300,Bad Strawberry,87,20,211,98
rotten_101.jpg,400,300,Bad Strawberry,247,144,356,249
rotten_101.jpg,400,300,Bad Strawberry,277,24,382,125
rotten_101.jpg,400,300,Bad Strawberry,121,178,215,252
rotten_101.jpg,400,300,Bad Strawberry,44,127,135,197
rotten_101.jpg,400,300,Bad Strawberry,134,103,228,182
rotten_101.jpg,400,300,Bad Strawberry,167,1,284,67
ripe_8.jpg,400,300,Green Strawberry,56,118,150,214
ripe_8.jpg,400,300,Ripe Strawberry,148,60,260,178
ripe_8.jpg,400,300,Green Strawberry,252,233,316,295
ripe_8.jpg,400,300,Green Strawberry,42,73,93,120
rotten_100.jpg,400,300,Bad Strawberry,48,64,157,214
rotten_100.jpg,400,300,Bad Strawberry,134,45,269,160
rotten_100.jpg,400,300,Bad Strawberry,247,12,392,148
rotten_100.jpg,400,300,Bad Strawberry,148,165,261,295
rotten_81.jpg,400,300,Bad Strawberry,83,98,149,156
rotten_81.jpg,400,300,Ripe Strawberry,280,159,357,245
rotten_81.jpg,400,300,Ripe Strawberry,172,101,260,167
rotten_81.jpg,400,300,Ripe Strawberry,152,65,228,114
rotten_81.jpg,400,300,Ripe Strawberry,117,154,186,221
rotten_81.jpg,400,300,Bad Strawberry,181,164,276,231
rotten_81.jpg,400,300,Ripe Strawberry,60,142,125,213
rotten_81.jpg,400,300,Ripe Strawberry,75,50,148,103
rotten_81.jpg,400,300,Ripe Strawberry,227,76,291,125
rotten_95.jpg,400,300,Bad Strawberry,159,140,286,280
rotten_95.jpg,400,300,Bad Strawberry,97,2,223,144
rotten_42.jpg,400,300,Bad Strawberry,91,75,255,258
rotten_42.jpg,400,300,Bad Strawberry,181,22,361,198
rotten_56.jpg,400,300,Bad Strawberry,176,61,223,119
rotten_56.jpg,400,300,Bad Strawberry,216,75,256,129
rotten_56.jpg,400,300,Bad Strawberry,227,148,290,210
rotten_56.jpg,400,300,Bad Strawberry,203,108,252,167
green_16.jpg,400,300,Green Strawberry,58,53,287,290
IMG_5412.JPG,400,300,Ripe Strawberry,138,102,172,138
IMG_5412.JPG,400,300,Ripe Strawberry,179,171,214,207
IMG_5412.JPG,400,300,Ripe Strawberry,251,126,283,156
IMG_5412.JPG,400,300,Ripe Strawberry,203,60,234,93
IMG_5412.JPG,400,300,Bad Strawberry,196,100,227,127
IMG_5412.JPG,400,300,Bad Strawberry,273,189,305,218
IMG_5374.JPG,400,300,Bad Strawberry,143,160,200,212
IMG_5374.JPG,400,300,Bad Strawberry,258,168,307,224
IMG_5374.JPG,400,300,Bad Strawberry,196,56,255,112
IMG_5360.JPG,400,300,Bad Strawberry,161,129,207,181
IMG_5360.JPG,400,300,Bad Strawberry,230,139,275,184
IMG_5348.JPG,400,300,Bad Strawberry,124,90,186,159
IMG_5348.JPG,400,300,Bad Strawberry,208,152,275,209
IMG_5348.JPG,400,300,Bad Strawberry,226,95,282,151
ripe_16.jpg,400,300,Ripe Strawberry,62,23,308,273
ripe_14.jpg,400,300,Ripe Strawberry,83,36,305,278
ripe_28.jpg,400,300,Ripe Strawberry,13,184,124,283
ripe_28.jpg,400,300,Ripe Strawberry,151,148,248,239
ripe_28.jpg,400,300,Ripe Strawberry,249,124,391,261
ripe_28.jpg,400,300,Green Strawberry,114,95,174,164
ripe_28.jpg,400,300,Green Strawberry,41,98,79,141
IMG_5410.JPG,400,300,Bad Strawberry,160,210,207,266
IMG_5410.JPG,400,300,Bad Strawberry,267,221,311,266
IMG_5410.JPG,400,300,Ripe Strawberry,170,69,206,108
IMG_5410.JPG,400,300,Bad Strawberry,231,142,270,176
IMG_5404.JPG,400,300,Bad Strawberry,134,147,181,192
IMG_5404.JPG,400,300,Ripe Strawberry,224,159,268,204
green_14.jpg,400,300,Green Strawberry,72,72,310,237
green_28.jpg,400,300,Green Strawberry,113,57,279,244
rotten_40.jpg,400,300,Bad Strawberry,70,117,207,243
rotten_68.jpg,400,300,Bad Strawberry,62,28,176,141
rotten_68.jpg,400,300,Bad Strawberry,166,50,268,173
rotten_68.jpg,400,300,Bad Strawberry,85,131,220,278
rotten_83.jpg,400,300,Bad Strawberry,101,1,400,282
rotten_97.jpg,400,300,Bad Strawberry,89,105,232,233
rotten_97.jpg,400,300,Bad Strawberry,162,21,302,139
rotten_103.jpg,400,300,Bad Strawberry,45,54,399,298
rotten_96.jpg,400,300,Bad Strawberry,80,92,172,164
rotten_96.jpg,400,300,Bad Strawberry,66,28,121,85
rotten_96.jpg,400,300,Bad Strawberry,189,25,233,86
rotten_96.jpg,400,300,Bad Strawberry,271,151,320,197
rotten_96.jpg,400,300,Bad Strawberry,123,170,182,237
rotten_82.jpg,400,300,Bad Strawberry,234,129,311,221
rotten_69.jpg,400,300,Bad Strawberry,135,117,216,196
rotten_69.jpg,400,300,Bad Strawberry,226,142,305,202
rotten_69.jpg,400,300,Bad Strawberry,184,83,261,146
rotten_69.jpg,400,300,Bad Strawberry,107,58,189,111
rotten_69.jpg,400,300,Bad Strawberry,205,36,250,89
rotten_69.jpg,400,300,Bad Strawberry,244,38,319,122
rotten_55.jpg,400,300,Bad Strawberry,68,124,280,298
rotten_55.jpg,400,300,Bad Strawberry,145,1,326,139
rotten_55.jpg,400,300,Bad Strawberry,10,42,151,163
rotten_55.jpg,400,300,Bad Strawberry,2,159,102,296
rotten_41.jpg,400,300,Bad Strawberry,43,32,210,153
rotten_41.jpg,400,300,Bad Strawberry,197,91,325,184
rotten_41.jpg,400,300,Bad Strawberry,130,171,256,298
rotten_41.jpg,400,300,Bad Strawberry,57,224,187,297
rotten_41.jpg,400,300,Bad Strawberry,265,167,387,268
rotten_41.jpg,400,300,Bad Strawberry,307,50,400,184
IMG_5388.JPG,400,300,Bad Strawberry,176,92,243,171
green_15.jpg,400,300,Green Strawberry,134,73,286,254
green_15.jpg,400,300,Ripe Strawberry,20,61,142,233
IMG_5405.JPG,400,300,Ripe Strawberry,190,149,234,195
IMG_5405.JPG,400,300,Bad Strawberry,265,153,316,190
IMG_5411.JPG,400,300,Bad Strawberry,200,120,237,155
IMG_5411.JPG,400,300,Bad Strawberry,132,128,174,171
IMG_5411.JPG,400,300,Bad Strawberry,305,229,345,268
IMG_5411.JPG,400,300,Ripe Strawberry,183,209,225,258
IMG_5411.JPG,400,300,Ripe Strawberry,266,148,306,181
IMG_5411.JPG,400,300,Ripe Strawberry,207,77,241,115
ripe_29.jpg,400,300,Ripe Strawberry,1,82,204,299
ripe_29.jpg,400,300,Ripe Strawberry,200,150,360,291
ripe_15.jpg,400,300,Green Strawberry,85,83,194,207
ripe_15.jpg,400,300,Ripe Strawberry,189,91,327,238
